0.0346013718429568,0.0179926754889804,-0
0.0579512313064458,0.0137987647899349,-0
0.0433563801546089,0.0100171707547851,-0
0.0314299032898733,0.00724878012570752,-0
0.022741866124063,0.00524447247030753,-0
0.0164535938966791,0.00379431789898393,-0
0.0119039897966618,0.00274514519704503,-0
0.00861239903654158,0.00198608077717751,-0
0.00623097101438192,0.0014369064514125,-0
0.00450803539887383,0.00103958518381008,-0
0.00326151142555952,0.000752127846127638,-0
0.00235966576075629,0.000544155789953662,-0
0.00170719086214105,0.00039369041482056,-0
0.00123513282611844,0.000284830457716499,-0
0.000893604301654983,0.000206071538927275,-0
0.000646512367779722,0.000149090372905705,-0
0.000467744213986026,0.000107865158909726,-0
0.000338407524157294,7.80391938115216e-05,-0
0.000244833926282818,5.64604533318229e-05,-0
0.000177134511439522,4.08484843927785e-05,-0
-0.0346013718429568,-0.0179926754889804,0
-0.0579512313064458,-0.0137987647899349,0
-0.0433563801546089,-0.0100171707547851,0
-0.0314299032898733,-0.00724878012570752,0
-0.022741866124063,-0.00524447247030753,0
-0.0164535938966791,-0.00379431789898393,0
-0.0119039897966618,-0.00274514519704503,0
-0.00861239903654158,-0.00198608077717751,0
-0.00623097101438192,-0.0014369064514125,0
-0.00450803539887383,-0.00103958518381008,0
-0.00326151142555952,-0.000752127846127638,0
-0.00235966576075629,-0.000544155789953662,0
-0.00170719086214105,-0.00039369041482056,0
-0.00123513282611844,-0.000284830457716499,0
-0.000893604301654983,-0.000206071538927275,0
-0.000646512367779722,-0.000149090372905705,0
-0.000467744213986026,-0.000107865158909726,0
-0.000338407524157294,-7.80391938115216e-05,0
-0.000244833926282818,-5.64604533318229e-05,0
-0.000177134511439522,-4.08484843927785e-05,0
0,0,0
0,0,0
0,0,0
0,0,0
0,0,0
0,0,0
0,0,0
0,0,0
0,0,0
0,0,0
0,0,0
0,0,0
0,0,0
0,0,0
0,0,0
0,0,0
0,0,0
0,0,0
0,0,0
0,0,0
0,0,0
0,0,0
0,0,0
0,0,0
0,0,0
0,0,0
0,0,0
0,0,0
0,0,0
0,0,0
0,0,0
0,0,0
0,0,0
0,0,0
0,0,0
0,0,0
0,0,0
0,0,0
0,0,0
0,0,0
0,0,0
0,0,0
0,0,0
0,0,0
0,0,0
0,0,0
0,0,0
0,0,0
0,0,0
0,0,0
0,0,0
0,0,0
0,0,0
0,0,0
0,0,0
0,0,0
0,0,0
0,0,0
