0,0,0,0,0,-0.168686848389419,0,0,-0.638665860944995,0,0,-1.02536423747035,0,0,-1.30716270039626,0,0,-1.51112862736407,0,0,-1.65869943555146,0,0,-1.76546537289935,0,0,-1.84270929984018,0,0,-1.89859438711,0,0,-1.939026600831,0,0,-1.96827883941071,0,0,-1.98944249539583,0,0,-2.00475415550812,0,0,-2.01583196434979,0,0,-2.02384663080873,0,0,-2.02964514921307,0,0,-2.03384031015427,0,0,-2.03687546053157,0,0,-2.03907135669428
0,0,0,0,0,0,0,0,-0.168686848389419,0,0,-0.638665860944995,0,0,-1.02536423747035,0,0,-1.30716270039626,0,0,-1.51112862736407,0,0,-1.65869943555146,0,0,-1.76546537289935,0,0,-1.84270929984018,0,0,-1.89859438711,0,0,-1.939026600831,0,0,-1.96827883941071,0,0,-1.98944249539583,0,0,-2.00475415550812,0,0,-2.01583196434979,0,0,-2.02384663080873,0,0,-2.02964514921307,0,0,-2.03384031015427,0,0,-2.03687546053157
0,0,0,0,0,0,0,0,0,0,0,-0.168686848389419,0,0,-0.638665860944995,0,0,-1.02536423747035,0,0,-1.30716270039626,0,0,-1.51112862736407,0,0,-1.65869943555146,0,0,-1.76546537289935,0,0,-1.84270929984018,0,0,-1.89859438711,0,0,-1.939026600831,0,0,-1.96827883941071,0,0,-1.98944249539583,0,0,-2.00475415550812,0,0,-2.01583196434979,0,0,-2.02384663080873,0,0,-2.02964514921307,0,0,-2.03384031015427
0,0,0,0,0,0,0,0,0,0,0,0,0,0,-0.168686848389419,0,0,-0.638665860944995,0,0,-1.02536423747035,0,0,-1.30716270039626,0,0,-1.51112862736407,0,0,-1.65869943555146,0,0,-1.76546537289935,0,0,-1.84270929984018,0,0,-1.89859438711,0,0,-1.939026600831,0,0,-1.96827883941071,0,0,-1.98944249539583,0,0,-2.00475415550812,0,0,-2.01583196434979,0,0,-2.02384663080873,0,0,-2.02964514921307
0,0,0,0,0,0,0,0,0,0,0,0,0,0,0,0,0,-0.168686848389419,0,0,-0.638665860944995,0,0,-1.02536423747035,0,0,-1.30716270039626,0,0,-1.51112862736407,0,0,-1.65869943555146,0,0,-1.76546537289935,0,0,-1.84270929984018,0,0,-1.89859438711,0,0,-1.939026600831,0,0,-1.96827883941071,0,0,-1.98944249539583,0,0,-2.00475415550812,0,0,-2.01583196434979,0,0,-2.02384663080873
0,0,0,0,0,0,0,0,0,0,0,0,0,0,0,0,0,0,0,0,-0.168686848389419,0,0,-0.638665860944995,0,0,-1.02536423747035,0,0,-1.30716270039626,0,0,-1.51112862736407,0,0,-1.65869943555146,0,0,-1.76546537289935,0,0,-1.84270929984018,0,0,-1.89859438711,0,0,-1.939026600831,0,0,-1.96827883941071,0,0,-1.98944249539583,0,0,-2.00475415550812,0,0,-2.01583196434979
0,0,0,0,0,0,0,0,0,0,0,0,0,0,0,0,0,0,0,0,0,0,0,-0.168686848389419,0,0,-0.638665860944995,0,0,-1.02536423747035,0,0,-1.30716270039626,0,0,-1.51112862736407,0,0,-1.65869943555146,0,0,-1.76546537289935,0,0,-1.84270929984018,0,0,-1.89859438711,0,0,-1.939026600831,0,0,-1.96827883941071,0,0,-1.98944249539583,0,0,-2.00475415550812
0,0,0,0,0,0,0,0,0,0,0,0,0,0,0,0,0,0,0,0,0,0,0,0,0,0,-0.168686848389419,0,0,-0.638665860944995,0,0,-1.02536423747035,0,0,-1.30716270039626,0,0,-1.51112862736407,0,0,-1.65869943555146,0,0,-1.76546537289935,0,0,-1.84270929984018,0,0,-1.89859438711,0,0,-1.939026600831,0,0,-1.96827883941071,0,0,-1.98944249539583
0,0,0,0,0,0,0,0,0,0,0,0,0,0,0,0,0,0,0,0,0,0,0,0,0,0,0,0,0,-0.168686848389419,0,0,-0.638665860944995,0,0,-1.02536423747035,0,0,-1.30716270039626,0,0,-1.51112862736407,0,0,-1.65869943555146,0,0,-1.76546537289935,0,0,-1.84270929984018,0,0,-1.89859438711,0,0,-1.939026600831,0,0,-1.96827883941071
0,0,0,0,0,0,0,0,0,0,0,0,0,0,0,0,0,0,0,0,0,0,0,0,0,0,0,0,0,0,0,0,-0.168686848389419,0,0,-0.638665860944995,0,0,-1.02536423747035,0,0,-1.30716270039626,0,0,-1.51112862736407,0,0,-1.65869943555146,0,0,-1.76546537289935,0,0,-1.84270929984018,0,0,-1.89859438711,0,0,-1.939026600831
0,0,0,0,0,0,0,0,0,0,0,0,0,0,0,0,0,0,0,0,0,0,0,0,0,0,0,0,0,0,0,0,0,0,0,-0.168686848389419,0,0,-0.638665860944995,0,0,-1.02536423747035,0,0,-1.30716270039626,0,0,-1.51112862736407,0,0,-1.65869943555146,0,0,-1.76546537289935,0,0,-1.84270929984018,0,0,-1.89859438711
0,0,0,0,0,0,0,0,0,0,0,0,0,0,0,0,0,0,0,0,0,0,0,0,0,0,0,0,0,0,0,0,0,0,0,0,0,0,-0.168686848389419,0,0,-0.638665860944995,0,0,-1.02536423747035,0,0,-1.30716270039626,0,0,-1.51112862736407,0,0,-1.65869943555146,0,0,-1.76546537289935,0,0,-1.84270929984018
0,0,0,0,0,0,0,0,0,0,0,0,0,0,0,0,0,0,0,0,0,0,0,0,0,0,0,0,0,0,0,0,0,0,0,0,0,0,0,0,0,-0.168686848389419,0,0,-0.638665860944995,0,0,-1.02536423747035,0,0,-1.30716270039626,0,0,-1.51112862736407,0,0,-1.65869943555146,0,0,-1.76546537289935
0,0,0,0,0,0,0,0,0,0,0,0,0,0,0,0,0,0,0,0,0,0,0,0,0,0,0,0,0,0,0,0,0,0,0,0,0,0,0,0,0,0,0,0,-0.168686848389419,0,0,-0.638665860944995,0,0,-1.02536423747035,0,0,-1.30716270039626,0,0,-1.51112862736407,0,0,-1.65869943555146
0,0,0,0,0,0,0,0,0,0,0,0,0,0,0,0,0,0,0,0,0,0,0,0,0,0,0,0,0,0,0,0,0,0,0,0,0,0,0,0,0,0,0,0,0,0,0,-0.168686848389419,0,0,-0.638665860944995,0,0,-1.02536423747035,0,0,-1.30716270039626,0,0,-1.51112862736407
0,0,0,0,0,0,0,0,0,0,0,0,0,0,0,0,0,0,0,0,0,0,0,0,0,0,0,0,0,0,0,0,0,0,0,0,0,0,0,0,0,0,0,0,0,0,0,0,0,0,-0.168686848389419,0,0,-0.638665860944995,0,0,-1.02536423747035,0,0,-1.30716270039626
0,0,0,0,0,0,0,0,0,0,0,0,0,0,0,0,0,0,0,0,0,0,0,0,0,0,0,0,0,0,0,0,0,0,0,0,0,0,0,0,0,0,0,0,0,0,0,0,0,0,0,0,0,-0.168686848389419,0,0,-0.638665860944995,0,0,-1.02536423747035
0,0,0,0,0,0,0,0,0,0,0,0,0,0,0,0,0,0,0,0,0,0,0,0,0,0,0,0,0,0,0,0,0,0,0,0,0,0,0,0,0,0,0,0,0,0,0,0,0,0,0,0,0,0,0,0,-0.168686848389419,0,0,-0.638665860944995
0,0,0,0,0,0,0,0,0,0,0,0,0,0,0,0,0,0,0,0,0,0,0,0,0,0,0,0,0,0,0,0,0,0,0,0,0,0,0,0,0,0,0,0,0,0,0,0,0,0,0,0,0,0,0,0,0,0,0,-0.168686848389419
0,0,0,0,0,0,0,0,0,0,0,0,0,0,0,0,0,0,0,0,0,0,0,0,0,0,0,0,0,0,0,0,0,0,0,0,0,0,0,0,0,0,0,0,0,0,0,0,0,0,0,0,0,0,0,0,0,0,0,0
