0.693426674028299,0.0815982077284952,0.267359026995916,0.251331719034363,0.234029214483449,0.215832256011792,0.197027171741811,0.17783602758543,0.158440090645806,0.138998985422082,0.119667563004872,0.100612265823685,0.0820287173735797,0.0641623958088588,0.0473345761143279,0.0319762804530306,0.0186737788924493,0.00822939682775124,0.00171982260400948,0,0,0,0,0,0,0,0,0,0,0,0,0,0,0,0,0,0,0,0,0
0.0815982077284952,0.672637614039844,0.0608315356848782,0.246623299393287,0.230638762594294,0.213395376007327,0.195280129919719,0.176587987863259,0.15755295154467,0.138372785628656,0.119229917413968,0.100310715841189,0.0818251870635937,0.0640291680080064,0.047251363266869,0.0319280806126339,0.0186492903484448,0.00821982465842705,0.00171797050999408,0,0,0,0,0,0,0,0,0,0,0,0,0,0,0,0,0,0,0,0,0
0.267359026995916,0.0608315356848782,0.651893305831265,0.0401181385929125,0.225952627403192,0.210027144903425,0.192865382703631,0.174862957200954,0.156326754868207,0.137507257207274,0.118625007125903,0.0998939158309318,0.0815438690725005,0.0638450215912091,0.0471363471246447,0.0318614591729459,0.0186154424758373,0.0082065940813947,0.00171541056023641,0,0,0,0,0,0,0,0,0,0,0,0,0,0,0,0,0,0,0,0,0
0.251331719034363,0.246623299393287,0.0401181385929125,0.631210773795223,0.0194782679940194,0.205371723106649,0.189527743365464,0.172478633636523,0.154631915491604,0.136310930642121,0.117788904891116,0.0993178181402186,0.0811550335613762,0.0635904958645792,0.0469773727189356,0.031769375543839,0.0185686582129658,0.00818830688204833,0.00171187221784812,0,0,0,0,0,0,0,0,0,0,0,0,0,0,0,0,0,0,0,0,0
0.234029214483449,0.230638762594294,0.225952627403192,0.0194782679940194,0.610613476636602,-0.0010601844908414,0.184914605266293,0.169183045630005,0.15228932208443,0.13465737749806,0.116633250969262,0.0985215404505115,0.0806175881810665,0.0632386924103322,0.0467576395477318,0.0316420982771032,0.0185039933733814,0.00816303045917453,0.00170698154887335,0,0,0,0,0,0,0,0,0,0,0,0,0,0,0,0,0,0,0,0,0
0.215832256011792,0.213395376007327,0.210027144903425,0.205371723106649,-0.0010601844908414,0.590133700711423,-0.0214588581374708,0.164628030550168,0.149051413172532,0.132371849596263,0.115035915232359,0.0974209317011375,0.0798747354103041,0.0627524324473073,0.0464539260895063,0.0314661766416849,0.0184146141415241,0.00812809358660078,0.00170022170474409,0,0,0,0,0,0,0,0,0,0,0,0,0,0,0,0,0,0,0,0,0
0.197027171741811,0.195280129919719,0.192865382703631,0.189527743365464,0.184914605266293,-0.0214588581374708,0.569815808168951,-0.0416650956741525,0.144576121682894,0.129212816176345,0.112828090587865,0.0958996789680016,0.0788479701630252,0.0620803277570879,0.0460341357401393,0.0312230191430837,0.018291074871362,0.00807980411655476,0.00169087830144128,0,0,0,0,0,0,0,0,0,0,0,0,0,0,0,0,0,0,0,0,0
0.17783602758543,0.176587987863259,0.174862957200954,0.172478633636523,0.169183045630005,0.164628030550168,-0.0416650956741525,0.549720612048816,-0.0616068112230986,0.124846545770358,0.109776457998062,0.0937970156519488,0.0774287833367613,0.0611513499493969,0.0454539048262841,0.0308869287640624,0.0181203198653607,0.00801305879147157,0.00167796392300152,0,0,0,0,0,0,0,0,0,0,0,0,0,0,0,0,0,0,0,0,0
0.158440090645806,0.15755295154467,0.156326754868207,0.154631915491604,0.15228932208443,0.149051413172532,0.144576121682894,-0.0616068112230986,0.529931204836382,-0.0811856990526589,0.105558636173377,0.0908907362218786,0.075467194713133,0.0598673241517822,0.0446519142285211,0.0304223872898478,0.0178843036412389,0.00792080392894743,0.00166011377085888,0,0,0,0,0,0,0,0,0,0,0,0,0,0,0,0,0,0,0,0,0
0.138998985422082,0.138372785628656,0.137507257207274,0.136310930642121,0.13465737749806,0.132371849596263,0.129212816176345,0.124846545770358,-0.0811856990526589,0.510560596888022,-0.10026842419001,0.0868738203895145,0.0727559076115748,0.0580925540371823,0.0435434091520901,0.0297803017241788,0.0175580838755633,0.00779328998473201,0.00163544143118715,0,0,0,0,0,0,0,0,0,0,0,0,0,0,0,0,0,0,0,0,0
0.119667563004872,0.119229917413968,0.118625007125903,0.117788904891116,0.116633250969262,0.115035915232359,0.112828090587865,0.109776457998062,0.105558636173377,-0.10026842419001,0.491761476094371,-0.118675549293983,0.0690085086395706,0.0556394860070855,0.0420112423955941,0.0288928161234093,0.0171071854857667,0.00761704121558427,0.00160133951765713,0,0,0,0,0,0,0,0,0,0,0,0,0,0,0,0,0,0,0,0,0
0.100612265823685,0.100310715841189,0.0998939158309318,0.0993178181402186,0.0985215404505115,0.0974209317011375,0.0958996789680016,0.0937970156519488,0.0908907362218786,0.0868738203895145,-0.118675549293983,0.473738172860543,-0.136168336962743,0.0522489954014518,0.0398934988158828,0.0276661407450208,0.0164839572933499,0.0073734315557441,0.00155420412143957,0,0,0,0,0,0,0,0,0,0,0,0,0,0,0,0,0,0,0,0,0
0.0820287173735797,0.0818251870635937,0.0815438690725005,0.0811550335613762,0.0806175881810665,0.0798747354103041,0.0788479701630252,0.0774287833367613,0.075467194713133,0.0727559076115748,0.0690085086395706,-0.136168336962743,0.456760285041956,-0.15243453426868,0.0369664910238,0.0259706449413904,0.0156225364228989,0.00703671621279913,0.00148905394847521,0,0,0,0,0,0,0,0,0,0,0,0,0,0,0,0,0,0,0,0,0
0.0641623958088588,0.0640291680080064,0.0638450215912091,0.0635904958645792,0.0632386924103322,0.0627524324473073,0.0620803277570879,0.0611513499493969,0.0598673241517822,0.0580925540371823,0.0556394860070855,0.0522489954014518,-0.15243453426868,0.441175945127423,-0.167076416356249,0.0236272646957591,0.0144318925199144,0.00657131114358263,0.00139900390104242,0,0,0,0,0,0,0,0,0,0,0,0,0,0,0,0,0,0,0,0,0
0.0473345761143279,0.047251363266869,0.0471363471246447,0.0469773727189356,0.0467576395477318,0.0464539260895063,0.0460341357401393,0.0454539048262841,0.0446519142285211,0.0435434091520901,0.0420112423955941,0.0398934988158828,0.0369664910238,-0.167076416356249,0.427419526039929,-0.179608957362521,0.0127863145291531,0.00592803711028074,0.00127453762830537,0,0,0,0,0,0,0,0,0,0,0,0,0,0,0,0,0,0,0,0,0
0.0319762804530306,0.0319280806126339,0.0318614591729459,0.031769375543839,0.0316420982771032,0.0314661766416849,0.0312230191430837,0.0308869287640624,0.0304223872898478,0.0297803017241788,0.0288928161234093,0.0276661407450208,0.0259706449413904,0.0236272646957591,-0.179608957362521,0.416001977397733,-0.189485412248478,0.00503902826556927,0.00110250578131023,0,0,0,0,0,0,0,0,0,0,0,0,0,0,0,0,0,0,0,0,0
0.0186737788924493,0.0186492903484448,0.0186154424758373,0.0185686582129658,0.0185039933733814,0.0184146141415241,0.018291074871362,0.0181203198653607,0.0178843036412389,0.0175580838755633,0.0171071854857667,0.0164839572933499,0.0156225364228989,0.0144318925199144,0.0127863145291531,-0.189485412248478,0.407458605771197,-0.196187001676185,0.000864827308350464,0,0,0,0,0,0,0,0,0,0,0,0,0,0,0,0,0,0,0,0,0
0.00822939682775124,0.00821982465842705,0.0082065940813947,0.00818830688204833,0.00816303045917453,0.00812809358660078,0.00807980411655476,0.00801305879147157,0.00792080392894743,0.00779328998473201,0.00761704121558427,0.0073734315557441,0.00703671621279913,0.00657131114358263,0.00592803711028074,0.00503902826556927,-0.196187001676185,0.402201746673781,-0.199461327343716,0,0,0,0,0,0,0,0,0,0,0,0,0,0,0,0,0,0,0,0,0
0.00171982260400948,0.00171797050999408,0.00171541056023641,0.00171187221784812,0.00170698154887335,0.00170022170474409,0.00169087830144128,0.00167796392300152,0.00166011377085888,0.00163544143118715,0.00160133951765713,0.00155420412143957,0.00148905394847521,0.00139900390104242,0.00127453762830537,0.00110250578131023,0.000864827308350464,-0.199461327343716,0.400162276264098,-0.2,0,0,0,0,0,0,0,0,0,0,0,0,0,0,0,0,0,0,0,0
0,0,0,0,0,0,0,0,0,0,0,0,0,0,0,0,0,0,-0.2,0.20002,0,0,0,0,0,0,0,0,0,0,0,0,0,0,0,0,0,0,0,0
0,0,0,0,0,0,0,0,0,0,0,0,0,0,0,0,0,0,0,0,20000.00002,0,0,0,0,0,0,0,0,0,0,0,0,0,0,0,0,0,0,0
0,0,0,0,0,0,0,0,0,0,0,0,0,0,0,0,0,0,0,0,0,20000.00002,0,0,0,0,0,0,0,0,0,0,0,0,0,0,0,0,0,0
0,0,0,0,0,0,0,0,0,0,0,0,0,0,0,0,0,0,0,0,0,0,20000.00002,0,0,0,0,0,0,0,0,0,0,0,0,0,0,0,0,0
0,0,0,0,0,0,0,0,0,0,0,0,0,0,0,0,0,0,0,0,0,0,0,20000.00002,0,0,0,0,0,0,0,0,0,0,0,0,0,0,0,0
0,0,0,0,0,0,0,0,0,0,0,0,0,0,0,0,0,0,0,0,0,0,0,0,20000.00002,0,0,0,0,0,0,0,0,0,0,0,0,0,0,0
0,0,0,0,0,0,0,0,0,0,0,0,0,0,0,0,0,0,0,0,0,0,0,0,0,20000.00002,0,0,0,0,0,0,0,0,0,0,0,0,0,0
0,0,0,0,0,0,0,0,0,0,0,0,0,0,0,0,0,0,0,0,0,0,0,0,0,0,20000.00002,0,0,0,0,0,0,0,0,0,0,0,0,0
0,0,0,0,0,0,0,0,0,0,0,0,0,0,0,0,0,0,0,0,0,0,0,0,0,0,0,20000.00002,0,0,0,0,0,0,0,0,0,0,0,0
0,0,0,0,0,0,0,0,0,0,0,0,0,0,0,0,0,0,0,0,0,0,0,0,0,0,0,0,20000.00002,0,0,0,0,0,0,0,0,0,0,0
0,0,0,0,0,0,0,0,0,0,0,0,0,0,0,0,0,0,0,0,0,0,0,0,0,0,0,0,0,20000.00002,0,0,0,0,0,0,0,0,0,0
0,0,0,0,0,0,0,0,0,0,0,0,0,0,0,0,0,0,0,0,0,0,0,0,0,0,0,0,0,0,20000.00002,0,0,0,0,0,0,0,0,0
0,0,0,0,0,0,0,0,0,0,0,0,0,0,0,0,0,0,0,0,0,0,0,0,0,0,0,0,0,0,0,20000.00002,0,0,0,0,0,0,0,0
0,0,0,0,0,0,0,0,0,0,0,0,0,0,0,0,0,0,0,0,0,0,0,0,0,0,0,0,0,0,0,0,20000.00002,0,0,0,0,0,0,0
0,0,0,0,0,0,0,0,0,0,0,0,0,0,0,0,0,0,0,0,0,0,0,0,0,0,0,0,0,0,0,0,0,20000.00002,0,0,0,0,0,0
0,0,0,0,0,0,0,0,0,0,0,0,0,0,0,0,0,0,0,0,0,0,0,0,0,0,0,0,0,0,0,0,0,0,20000.00002,0,0,0,0,0
0,0,0,0,0,0,0,0,0,0,0,0,0,0,0,0,0,0,0,0,0,0,0,0,0,0,0,0,0,0,0,0,0,0,0,20000.00002,0,0,0,0
0,0,0,0,0,0,0,0,0,0,0,0,0,0,0,0,0,0,0,0,0,0,0,0,0,0,0,0,0,0,0,0,0,0,0,0,20000.00002,0,0,0
0,0,0,0,0,0,0,0,0,0,0,0,0,0,0,0,0,0,0,0,0,0,0,0,0,0,0,0,0,0,0,0,0,0,0,0,0,20000.00002,0,0
0,0,0,0,0,0,0,0,0,0,0,0,0,0,0,0,0,0,0,0,0,0,0,0,0,0,0,0,0,0,0,0,0,0,0,0,0,0,20000.00002,0
0,0,0,0,0,0,0,0,0,0,0,0,0,0,0,0,0,0,0,0,0,0,0,0,0,0,0,0,0,0,0,0,0,0,0,0,0,0,0,20000.00002
